2021-09-10 13:12:58,1
2021-10-07 10:00:51,2
2021-09-18 00:13:28,624
2021-02-09 03:32:41,375
2020-04-25 08:17:22,153
2020-05-07 22:05:45,3
2021-01-06 06:48:20,493
2021-05-23 15:35:15,154
2021-02-11 09:01:42,807
2021-06-14 03:09:37,1003
2020-10-10 17:42:09,728
2020-11-22 07:42:58,521
2021-10-21 08:48:51,356
2021-10-02 08:45:40,537
2021-05-07 09:52:05,947
2020-05-22 17:55:56,180
2021-05-10 02:51:23,948
2020-06-30 02:50:02,845
2020-01-06 08:10:29,980
2021-10-29 11:08:32,517
2020-02-15 13:20:12,781
2021-06-25 03:55:19,809
2021-07-15 16:47:24,543
2021-06-08 22:15:50,486
2020-03-03 14:04:04,254
2020-03-02 10:06:50,543
2020-12-03 01:40:26,656
2020-11-06 17:53:17,682
2021-09-16 10:04:13,799
2021-01-10 21:39:47,651
2021-05-15 08:29:43,69
2020-09-23 18:35:12,578
2021-03-19 12:43:25,174
2021-01-05 07:31:13,651
2021-05-05 12:18:59,505
2020-12-31 19:35:22,431
2020-01-30 01:24:01,347
2020-12-24 19:01:07,709
2020-10-08 00:38:47,555
2020-02-14 14:52:59,544
2021-10-03 08:46:50,879
2020-10-03 09:46:25,131
2021-01-12 22:06:43,684
2020-08-13 08:30:46,930
2021-09-20 18:31:29,129
2020-12-28 11:35:39,822
2020-11-03 23:10:08,800
2021-06-04 11:21:05,806
2020-05-24 01:54:02,474
2021-02-19 13:38:38,31
2021-06-05 18:26:04,343
2021-08-02 08:03:09,304
2020-08-29 16:56:54,24
2020-07-24 05:38:06,956
2020-11-19 09:58:34,700
2021-08-17 03:32:22,751
2020-04-15 21:20:39,179
2020-01-23 16:02:20,179
2021-02-11 19:58:59,44
2020-08-16 20:03:56,146
2020-10-11 09:12:52,627
2020-02-23 17:48:59,867
2021-08-09 21:09:08,695
2020-04-28 06:19:31,662
2021-06-05 20:26:14,864
2020-01-11 19:40:08,727
2021-03-10 23:58:30,584
2021-01-02 10:38:07,556
2021-08-14 15:52:21,461
2020-05-24 03:29:35,277
2020-06-20 07:54:41,327
2020-07-20 00:41:14,282
2021-06-09 21:55:56,97
2020-01-26 14:48:17,957
2020-02-09 17:26:11,713
2020-07-17 11:15:59,500
2020-03-16 12:46:30,811
2021-06-14 12:56:58,525
2020-02-20 04:42:01,171
2021-10-06 06:32:18,515
2021-05-19 16:39:44,603
2020-03-31 19:20:48,784
2020-10-03 01:00:23,283
2021-10-31 14:24:23,2
2021-06-26 15:16:07,656
2020-07-26 18:21:07,151
2020-04-01 07:17:18,758
2021-07-03 15:20:00,342
2020-12-06 01:12:37,951
2021-05-15 00:33:39,171
2020-05-16 14:56:37,868
2021-07-12 14:00:57,1000
2021-01-04 23:31:05,269
2020-10-28 15:37:06,423
2020-03-31 08:37:08,334
2020-08-25 07:27:05,418
2021-07-07 06:20:55,203
2021-09-19 16:25:43,100
2021-07-11 02:10:55,136
2021-10-19 17:17:15,472
2020-02-11 13:41:54,3
2021-06-18 09:34:56,731
2020-02-23 15:59:11,362
2021-08-17 04:51:38,277
2020-09-15 20:50:49,564
2020-01-07 04:49:16,889
2021-10-05 09:03:17,237
2020-01-04 08:18:00,189
2020-11-13 23:16:01,934
2021-02-25 11:48:02,508
2020-03-31 19:35:08,393
2020-12-25 08:42:12,649
2020-10-06 16:37:26,439
2021-09-22 04:17:06,163
2020-01-20 01:56:05,296
2021-01-07 11:59:10,283
2020-06-19 06:09:52,770
2021-03-05 16:46:21,68
2021-03-06 22:28:24,864
2021-02-01 16:39:16,590
2020-08-25 05:19:35,364
2020-11-14 05:49:47,834
2020-11-17 09:25:43,727
2021-03-21 11:11:42,182
2020-05-11 08:50:43,110
2020-08-11 00:11:22,210
2020-05-03 19:38:52,656
2020-02-12 21:31:16,1002
2020-03-28 13:32:07,224
2021-08-09 03:53:14,527
2021-05-05 05:58:49,34
2021-08-27 11:31:52,715
2021-09-29 02:01:40,941
2021-04-23 17:26:28,295
2020-08-26 06:33:52,98
2021-07-01 10:01:19,443
2021-02-10 05:38:23,719
2021-04-01 21:03:20,717
2021-09-12 22:24:04,818
2020-04-13 04:27:46,720
2021-10-30 20:15:43,767
2021-10-18 00:45:08,731
2020-06-23 05:18:13,315
2020-01-17 09:14:46,265
2020-10-31 06:27:26,565
2021-01-16 05:20:17,53
2020-08-10 16:06:10,196
2021-09-05 02:01:48,472
2021-03-21 17:44:26,640
2020-06-01 07:46:52,887
2020-12-13 06:01:00,662
2020-03-29 20:21:12,78
2020-05-10 19:36:30,106
2020-12-16 00:14:58,683
2021-08-28 06:25:50,811
2021-08-27 05:07:03,506
2020-08-06 23:07:24,397
2021-10-27 11:41:23,142
2020-05-20 18:08:37,55
2020-03-03 03:22:42,423
2021-08-12 15:17:58,355
2020-10-24 06:20:37,532
2021-10-16 17:19:06,657
2020-10-01 14:30:04,738
2020-01-06 09:53:22,597
2020-08-23 12:11:45,955
2020-09-11 22:09:44,40
2020-02-04 16:52:15,129
2020-11-12 01:15:09,230
2020-02-14 14:42:32,219
2021-03-09 09:51:23,77
2021-09-03 11:47:58,15
2020-05-15 05:59:05,284
2021-06-18 01:01:45,229
2020-02-09 01:48:14,297
2021-05-04 22:08:19,96
2020-02-22 01:59:27,347
2021-02-18 16:19:25,322
2020-02-02 16:46:14,416
2020-08-15 03:57:27,661
2021-02-20 22:39:32,575
2021-03-02 18:42:17,980
2021-07-06 15:24:30,213
2020-04-30 17:29:10,976
2020-04-04 00:36:18,793
2020-03-30 14:03:52,387
2021-07-23 03:41:19,250
2020-05-20 08:36:50,110
2021-01-19 12:48:29,829
2020-04-21 06:55:08,614
2021-03-02 06:30:17,645
2020-09-23 08:46:24,336
2020-02-06 03:25:02,336
2020-08-20 20:43:41,305
2021-09-27 10:08:25,155
2021-02-02 10:24:23,626
2020-10-21 19:33:53,923
2021-09-04 19:06:18,946
2021-04-12 16:41:16,963
2020-09-27 11:57:20,228
2021-05-15 22:57:10,557
2021-04-09 09:13:31,746
2020-12-12 00:22:38,361
2021-08-07 06:11:02,319
2020-03-21 03:55:29,597
2021-05-14 14:21:21,815
2020-04-18 09:50:43,626
2020-05-18 21:13:59,686
2021-03-17 20:54:07,534
2020-05-31 08:33:58,8
2020-01-26 13:55:32,625
2020-09-11 11:24:21,409
2021-10-23 23:06:07,204
2020-01-08 04:33:19,467
2020-06-05 04:06:46,185
2020-07-08 06:58:12,998
2020-06-16 04:58:37,631
2020-06-12 03:27:20,690
2021-03-08 15:27:42,232
2020-03-10 17:50:57,340
2020-09-10 21:16:53,389
2020-03-02 05:12:46,359
2020-06-18 16:47:52,219
2021-08-24 11:46:22,121
2021-09-07 05:54:10,28
2020-03-03 00:40:35,372
2020-04-08 02:16:14,912
2021-02-06 07:29:40,777
2020-04-10 04:37:06,800
2021-05-18 22:26:54,955
2021-07-10 23:15:13,152
2021-03-24 00:26:18,982
2021-06-07 23:54:32,649
2020-10-25 19:54:55,826
2020-07-25 13:03:41,205
2021-02-08 05:31:45,611
2021-04-10 07:20:11,449
2021-06-02 19:26:16,438
2021-09-23 13:50:15,621
2021-10-11 10:41:54,16
2021-08-01 17:09:19,309
2020-03-10 17:57:10,886
2021-08-21 18:11:26,446
2020-05-05 18:08:58,574
2020-06-19 19:42:06,113
2021-09-30 13:15:09,479
2020-06-25 08:14:52,150
2021-07-08 19:20:06,866
2020-01-15 07:28:34,891
2020-09-28 18:33:48,610
2020-06-25 17:04:54,933
2020-03-22 08:47:53,595
2020-04-13 16:40:44,709
2021-02-21 13:40:35,683
2020-03-05 21:20:48,628
2020-10-12 00:16:51,96
2021-07-01 12:14:06,991
2021-05-11 11:15:51,10
2020-08-09 19:23:57,754
2020-01-23 12:15:16,881
2021-03-04 14:02:17,956
2020-07-03 18:00:58,531
2020-07-24 00:24:39,443
2020-09-24 05:06:38,542
2021-02-22 08:34:03,503
2020-04-18 01:42:48,250
2021-02-25 04:45:58,232
2021-09-22 09:36:29,518
2020-04-24 00:09:11,247
2021-03-26 08:43:30,126
2021-04-07 21:32:43,967
2021-10-26 18:02:29,171
2020-12-02 16:26:42,456
2020-01-27 17:04:49,509
2021-06-21 14:49:49,9
2020-03-16 23:36:40,535
2020-07-06 23:24:11,130
2021-02-18 03:29:19,865
2021-01-23 12:24:42,131
2021-01-13 14:10:41,170
2021-03-29 15:07:43,477
2020-10-24 16:35:57,149
2020-12-08 03:07:23,400
2020-03-23 03:51:56,773
2020-03-21 13:39:32,930
2020-09-29 08:46:16,612
2020-10-26 18:04:08,855
2020-09-13 20:52:29,814
2020-12-15 13:24:19,748
2020-07-22 08:35:27,795
2020-08-24 14:01:41,929
2021-03-16 20:49:57,283
2021-01-30 02:38:49,884
2020-09-11 01:50:00,345
2020-09-09 01:46:42,588
2020-01-01 21:35:02,976
2021-08-29 01:50:53,156
2020-06-21 22:24:53,340
2020-12-25 23:16:47,877
2021-08-28 00:28:48,855
2021-01-20 09:33:30,935
2021-02-04 16:51:30,437
2021-03-27 08:43:06,371
2020-11-28 10:42:43,871
2021-05-13 19:53:39,507
2020-06-28 17:57:29,766
2020-06-01 20:56:40,62
2021-02-16 14:53:07,42
2020-02-12 21:04:12,713
2020-11-19 23:51:35,47
2020-03-30 16:14:09,858
2021-04-14 13:30:15,419
2021-03-18 11:15:33,423
2020-05-21 23:47:04,733
2021-09-10 15:59:28,751
2020-04-10 19:05:11,503
2021-04-22 21:45:10,54
2021-07-07 00:33:01,835
2021-07-08 07:43:35,381
2021-06-28 11:50:15,259
2021-09-06 06:33:05,621
2020-12-29 04:20:15,531
2020-08-29 15:57:15,7
2021-07-16 01:30:05,506
2021-02-02 08:46:26,210
2021-01-29 11:54:30,644
2020-12-21 09:19:09,871
2020-05-16 06:09:05,115
2021-04-06 06:21:28,279
2021-09-16 05:20:48,240
2020-01-10 14:09:14,955
2021-09-27 19:31:19,162
2020-04-03 14:03:55,41
2020-05-12 11:45:25,59
2020-06-23 00:06:16,808
2020-09-30 15:20:57,876
2021-09-11 06:09:05,762
2020-01-06 08:43:53,287
2020-08-13 00:55:34,884
2021-10-11 21:14:52,903
2020-09-07 02:29:08,454
2020-05-01 15:52:56,23
2021-04-20 19:41:17,309
2021-08-27 05:12:13,877
2020-06-27 22:51:22,703
2021-02-13 22:10:01,635
2021-06-01 02:32:22,632
2021-05-10 12:30:36,334
2020-05-29 04:26:13,836
2020-08-08 23:06:26,39
2021-06-09 19:48:07,488
2020-09-11 02:04:09,93
2020-10-20 23:11:59,496
2021-09-26 01:06:23,359
2020-07-08 08:21:05,439
2020-01-14 21:21:32,617
2020-12-14 21:52:14,819
2020-09-18 06:21:45,733
2021-05-08 23:00:07,891
2021-04-02 22:46:11,632
2020-01-11 03:20:32,309
2021-08-28 10:27:21,769
2020-08-12 20:03:44,52
2021-04-24 09:51:18,175
2021-08-19 19:07:39,756
2020-11-29 08:02:49,631
2021-06-05 15:24:53,61
2021-01-10 22:16:27,156
2020-09-27 03:18:41,621
2021-01-19 01:59:12,901
2020-01-02 04:06:41,893
2021-01-29 16:33:05,689
2020-07-16 03:45:40,157
2020-11-03 13:39:56,957
2020-12-23 04:55:21,695
2021-01-20 03:12:54,925
2020-02-15 13:29:13,387
2021-04-02 19:22:28,347
2021-06-03 06:44:04,929
2020-08-06 12:04:34,158
2020-08-26 16:08:27,62
2021-03-26 19:12:45,706
2021-10-04 20:55:53,624
2020-11-25 07:38:02,879
2020-04-12 16:44:47,137
2021-08-22 07:18:38,712
2020-08-26 02:19:28,537
2021-07-03 09:50:12,969
2021-03-20 11:36:30,220
2020-08-27 23:26:13,711
2020-09-13 20:37:00,14
2021-02-05 12:24:39,787
2021-02-17 04:38:40,546
2020-01-01 02:41:34,380
2020-12-04 17:33:41,141
2020-04-25 11:44:29,287
2021-02-10 03:40:30,408
2020-06-22 21:46:12,72
2020-06-16 09:28:46,997
2020-08-12 14:00:10,151
2020-03-27 04:03:20,973
2021-01-01 03:00:54,266
2020-07-03 20:29:19,840
2020-05-30 18:03:58,336
2020-10-30 20:13:08,162
2021-05-15 20:42:05,88
2021-06-07 06:50:56,237
2021-03-28 01:57:18,22
2020-03-08 16:00:45,140
2020-01-05 03:32:56,767
2021-08-01 16:32:17,738
2021-09-15 18:59:53,417
2021-06-01 17:33:44,365
2020-07-04 01:23:48,236
2020-10-10 16:11:38,751
2021-03-14 12:19:16,385
2020-06-09 09:46:57,268
2021-04-23 17:04:15,693
2021-01-11 19:02:18,457
2021-09-21 16:11:40,186
2020-10-24 21:37:43,194
2020-05-12 07:23:47,40
2020-12-01 23:25:15,858
2020-10-30 16:15:39,190
2020-04-10 18:02:58,863
2020-03-20 04:54:43,545
2021-07-24 10:16:56,369
2021-03-25 13:42:34,775
2020-07-12 16:14:06,297
2021-09-02 18:27:51,594
2021-06-25 17:54:03,441
2020-01-01 21:54:45,648
2020-07-15 11:38:08,862
2020-02-14 18:44:11,352
2021-10-11 20:18:41,649
2020-02-03 03:23:38,79
2020-07-14 06:15:22,619
2021-01-13 03:53:11,13
2020-10-12 01:10:41,768
2021-09-05 00:15:54,562
2020-11-21 22:40:47,225
2020-03-25 15:42:28,935
2021-05-05 09:53:41,821
2020-01-20 15:25:32,399
2020-11-23 17:23:13,500
2020-05-12 16:38:52,489
2020-06-21 18:19:26,991
2020-08-23 23:52:37,264
2020-08-19 09:23:38,21
2020-12-22 17:52:32,132
2021-03-12 05:04:29,526
2021-10-26 23:38:51,579
2020-11-16 19:42:52,837
2020-06-29 10:01:41,5
2021-10-16 09:41:13,411
2020-07-16 13:07:22,917
2021-04-05 17:05:39,78
2020-06-16 18:20:52,994
2020-08-01 09:47:30,587
2021-10-22 07:37:14,27
2021-06-27 23:38:35,864
2021-02-28 03:59:12,767
2021-02-02 16:42:04,504
2020-06-06 13:57:45,879
2021-05-07 12:58:41,118
2020-09-19 16:28:41,450
2020-10-07 19:05:02,599
2020-09-21 17:52:51,619
2021-08-05 04:12:59,54
2021-05-21 18:17:20,896
2020-11-12 04:42:42,417
2020-10-12 15:03:00,786
2021-04-09 13:01:03,649
2020-08-29 01:35:19,900
2021-06-09 18:51:40,475
2020-03-27 21:09:08,996
2021-01-05 20:27:35,446
2020-10-26 10:44:01,705
2020-04-04 05:13:26,209
2021-07-28 10:45:11,969
2021-08-15 00:18:32,443
2021-08-05 07:12:30,353
2021-05-10 22:30:56,947
2020-12-17 17:49:08,758
2021-10-03 08:57:49,596
2021-03-10 02:26:08,70
2021-04-02 19:19:08,493
2021-05-09 13:15:56,376
2021-08-16 08:04:09,234
2020-07-27 09:34:16,839
2020-11-01 18:14:17,151
2020-10-27 10:50:58,40
2020-09-10 23:46:42,755
2021-06-12 05:58:33,674
2020-11-29 11:35:33,547
2020-06-30 08:01:01,923
2020-01-18 15:58:38,61
2020-01-20 03:00:16,293
2021-02-07 17:26:15,837
2021-09-09 12:41:35,225
2021-02-27 16:19:40,865
2020-06-15 00:55:25,609
2021-10-10 02:09:33,934
2021-01-07 11:49:37,404
2021-03-08 09:53:18,292
2020-12-07 22:52:51,977
2020-03-22 23:17:47,11
2020-07-28 21:21:25,797
2020-06-06 08:44:28,699
2021-09-04 00:01:53,802
2020-07-11 17:54:00,868
2020-07-09 22:38:13,299
2020-05-28 12:19:41,492
2021-09-14 08:44:56,765
2021-06-02 18:59:03,633
2020-01-11 18:02:08,298
2020-10-16 21:05:03,667
2021-10-31 23:38:20,642
2020-08-18 20:44:25,393
2020-12-24 09:43:06,854
2020-05-11 17:58:48,932
2021-05-17 13:07:08,624
2020-07-08 20:46:11,974
2021-08-09 03:16:17,385
2021-08-05 17:08:31,638
2021-05-06 03:16:20,114
2020-10-16 11:08:55,785
2021-02-01 21:13:21,305
2020-11-24 00:51:27,503
2020-06-04 14:06:20,262
2020-10-04 16:51:21,76
2021-02-03 11:58:27,430
2020-05-19 16:56:25,849
2020-06-07 13:19:32,53
2020-12-23 22:48:04,765
2021-09-04 23:05:42,675
2020-07-14 06:06:55,771
2020-07-28 10:48:14,754
2020-01-10 14:23:40,230
2020-05-27 08:21:59,125
2021-08-08 04:03:04,670
2020-10-19 09:45:48,145
2020-09-16 21:30:26,404
2021-06-25 14:50:30,344
2020-12-24 02:18:29,894
2020-03-03 08:37:52,943
2020-04-26 10:15:46,446
2020-02-11 12:25:29,916
2020-02-07 05:43:26,625
2021-07-27 18:59:43,704
2021-07-01 18:26:18,553
2020-02-23 08:33:05,904
2020-03-16 00:02:34,494
2021-05-26 14:51:32,294
2021-06-03 21:28:04,914
2021-05-08 16:36:24,693
2020-06-15 01:23:07,958
2021-01-04 09:57:57,91
2020-09-24 10:58:00,340
2021-10-26 05:38:49,830
2021-07-05 05:58:39,30
2020-12-16 08:31:02,141
2021-02-17 06:22:53,653
2020-12-04 06:02:38,526
2020-07-09 16:44:58,128
2020-10-09 21:11:50,749
2021-02-02 18:25:22,65
2020-10-11 04:53:10,92
2021-07-14 21:33:19,455
2021-01-04 01:48:35,842
2021-05-28 17:20:23,911
2021-07-14 14:08:13,902
2021-02-27 20:50:06,83
2020-05-30 06:06:20,86
2021-06-27 20:58:05,494
2020-09-24 14:09:54,743
2020-12-15 23:33:53,704
2020-06-20 15:12:33,782
2021-01-11 14:10:19,684
2020-09-30 11:20:12,904
2020-08-03 23:34:36,694
2020-01-14 23:14:22,460
2021-04-16 00:43:39,763
2020-06-29 14:17:49,701
2020-09-20 18:18:18,687
2020-11-22 17:01:45,562
2020-02-24 21:18:41,590
2020-08-20 09:45:54,459
2021-01-24 13:04:24,752
2020-08-26 23:16:54,598
2021-10-04 19:54:25,998
2021-05-11 07:36:20,208
2020-03-17 00:05:36,462
2021-08-20 22:46:02,260
2021-10-03 23:00:15,850
2021-07-17 23:36:58,292
2020-01-07 16:23:43,260
2020-10-20 20:00:51,671
2020-05-30 15:29:40,137
2020-09-17 02:29:49,937
2020-11-26 20:28:50,714
2021-04-12 09:44:36,772
2020-07-31 10:28:09,386
2020-11-26 02:30:09,376
2021-01-16 21:50:31,803
2021-09-25 07:44:05,457
2021-10-16 18:55:11,560
2021-03-21 19:02:14,853
2021-04-28 20:31:35,421
2021-07-14 05:13:39,5
2021-05-20 21:17:32,200
2020-12-03 17:45:46,141
2021-04-07 14:57:32,345
2020-07-07 07:05:34,631
2020-02-29 06:10:53,158
2021-10-01 13:34:10,454
2021-02-13 20:06:14,666
2020-03-08 06:31:36,965
2021-05-25 23:04:57,25
2020-04-26 05:54:51,733
2021-08-13 01:05:44,588
2020-10-21 12:09:45,299
2021-05-02 18:23:08,311
2021-09-25 06:30:52,956
2021-01-22 03:06:17,890
2020-01-23 05:43:00,547
2021-09-11 18:43:22,508
2021-10-27 23:59:44,904
2021-03-17 13:27:32,762
2021-02-25 15:30:35,514
2020-04-04 17:37:50,290
2021-02-08 06:56:59,256
2021-08-14 17:02:51,507
2021-07-12 19:58:13,185
2020-02-04 14:35:54,596
2021-02-15 07:05:05,822
2021-09-18 08:42:42,531
2020-03-30 16:44:08,477
2020-02-05 10:45:20,977
2020-08-07 15:12:08,256
2021-09-11 11:50:25,753
2021-05-08 16:39:21,414
2021-01-14 22:44:19,527
2020-01-19 08:44:19,918
2020-01-27 00:27:56,10
2020-06-11 14:06:02,183
2021-02-09 04:34:04,280
2021-07-06 14:27:32,311
2020-09-21 23:50:16,229
2020-04-20 14:41:19,333
2021-09-27 06:10:39,1
2020-05-19 17:59:54,62
2021-01-08 01:11:57,19
2020-11-21 17:10:44,981
2020-03-25 04:11:29,312
2021-01-14 17:06:24,965
2021-09-24 03:17:56,233
2021-09-04 20:49:42,485
2020-01-07 06:10:53,460
2021-01-23 17:36:29,307
2020-06-30 22:13:49,383
2020-03-26 20:54:02,485
2021-07-26 20:11:18,427
2020-05-05 00:06:11,781
2020-01-26 23:50:22,41
2020-05-28 08:44:55,368
2020-01-12 23:45:47,169
2021-10-05 16:52:48,173
2021-07-23 18:11:55,154
2021-04-12 04:21:34,483
2021-10-02 09:06:09,681
2020-05-05 15:52:02,206
2021-08-08 18:41:35,550
2021-05-05 17:38:08,964
2021-06-06 01:47:29,382
2020-05-16 16:49:18,996
2020-06-26 03:06:19,744
2021-02-14 19:25:13,64
2021-04-05 19:31:08,961
2020-10-08 12:24:55,994
2020-03-22 17:20:17,369
2020-07-14 16:55:15,852
2021-10-17 09:05:45,251
2021-07-23 16:35:33,250
2021-07-25 17:39:31,268
2020-12-09 07:27:01,542
2020-04-20 13:10:15,101
2020-05-14 17:56:00,240
2020-01-06 12:58:48,217
2020-03-21 06:55:56,461
2020-05-09 13:54:26,185
2020-12-13 14:13:26,461
2021-03-05 06:48:36,467
2021-08-08 12:39:08,886
2020-04-26 15:27:04,835
2021-01-26 03:10:06,560
2021-05-15 06:24:55,487
2020-07-04 02:02:22,650
2020-09-23 15:16:17,16
2021-01-21 22:10:26,834
2021-07-21 00:22:02,491
2020-04-13 23:02:23,198
2021-06-24 13:50:29,40
2020-03-08 08:40:33,409
2020-10-07 13:41:55,528
2020-12-23 11:31:35,402
2020-05-10 13:51:25,297
2020-04-06 17:45:57,56
2021-07-25 21:03:55,527
2021-03-04 22:40:45,509
2021-03-30 09:41:09,513
2020-11-28 11:58:20,651
2021-03-23 06:02:25,777
2020-11-26 07:25:21,617
2020-01-12 21:14:58,446
2021-04-29 03:23:43,221
2020-03-11 22:29:32,379
2020-05-23 02:38:26,955
2020-07-16 22:16:50,127
2021-03-25 12:15:01,378
2020-08-14 14:18:01,1003
2020-10-10 06:27:44,745
2020-12-23 15:02:40,18
2020-03-17 09:18:54,160
2020-07-22 18:45:37,618
2021-02-03 15:52:02,692
2020-04-29 18:17:59,941
2020-10-20 10:35:14,405
2021-07-26 10:04:16,882
2021-01-18 13:02:09,241
2021-10-01 07:19:40,633
2020-08-22 22:40:03,218
2020-07-17 22:46:42,240
2021-04-13 16:18:22,970
2021-08-14 05:58:03,138
2020-02-01 14:33:33,124
2021-04-04 17:24:59,659
2020-12-26 08:02:24,394
2021-06-11 08:37:39,881
2021-10-15 01:54:42,713
2021-03-03 02:31:45,546
2020-08-20 02:20:39,850
2021-05-08 13:36:59,306
2020-09-17 23:23:52,637
2021-01-17 15:42:34,884
2020-03-15 00:26:30,113
2021-07-06 09:23:21,131
2020-01-05 18:16:12,974
2021-08-27 08:20:32,209
2020-06-29 01:48:21,789
2020-05-10 01:22:35,848
2020-04-03 05:29:33,418
2021-05-10 19:10:56,681
2020-11-13 07:39:40,379
2020-03-31 12:39:28,461
2021-05-13 13:19:42,473
2021-02-27 00:12:05,287
2020-06-22 20:17:14,99
2020-08-27 22:20:56,843
2020-04-02 05:36:34,613
2020-03-01 06:07:48,73
2021-05-14 21:35:56,875
2020-04-30 05:13:18,989
2020-03-05 08:33:34,752
2021-05-10 16:48:24,992
2021-10-11 15:01:53,951
2021-09-02 12:25:13,604
2021-01-08 07:50:20,591
2021-10-31 03:24:46,301
2021-01-29 10:21:44,310
2021-04-07 21:07:02,723
2020-03-02 23:47:27,559
2021-05-06 11:29:00,837
2021-07-19 01:17:41,14
2021-01-03 13:06:32,432
2021-03-25 09:23:24,934
2021-05-02 04:29:08,364
2020-04-03 08:07:25,448
2021-09-27 19:45:30,872
2020-08-01 01:13:37,777
2020-11-14 06:04:04,200
2020-03-16 00:02:59,650
2021-09-28 01:59:44,169
2020-01-01 15:50:52,904
2020-08-07 15:29:18,423
2021-06-08 23:27:46,434
2021-09-16 22:10:09,80
2020-06-10 23:31:22,147
2021-04-07 14:32:48,502
2021-07-09 09:39:12,991
2020-11-16 23:12:32,409
2021-09-18 22:33:50,571
2020-10-09 11:10:12,764
2021-01-31 17:22:18,428
2021-06-27 05:08:24,945
2021-05-25 02:51:26,813
2020-09-06 03:29:47,938
2021-06-27 02:37:27,146
2021-07-06 21:36:52,929
2020-04-10 17:50:56,758
2021-07-30 04:22:04,497
2020-11-29 08:56:41,233
2020-01-16 14:07:10,255
2020-08-03 14:46:57,335
2020-12-15 08:30:57,753
2020-05-29 04:26:27,321
2020-05-27 09:59:35,510
2020-03-07 17:54:53,845
2021-06-30 07:57:25,399
2020-11-16 05:27:49,131
2020-09-20 05:37:13,416
2020-10-10 06:04:07,949
2020-05-11 22:17:07,89
2021-06-28 04:02:09,885
2020-05-19 00:45:47,909
2021-01-14 07:40:30,702
2020-05-22 11:00:58,759
2020-11-29 23:34:57,533
2021-07-07 08:46:25,147
2021-10-23 10:32:34,372
2020-10-20 18:47:47,433
2020-07-20 12:10:06,294
2020-01-15 03:07:13,493
2020-10-26 21:53:57,319
2020-12-05 17:06:59,311
2020-12-29 00:45:33,564
2021-02-13 18:36:44,826
2020-05-10 19:15:26,624
2021-09-15 20:25:35,830
2021-01-26 23:08:13,526
2020-10-29 22:29:46,191
2020-08-02 18:15:46,198
2020-01-27 07:55:06,826
2021-05-10 05:23:12,287
2020-09-30 18:25:17,777
2020-04-22 11:55:38,160
2021-09-02 21:03:46,212
2020-06-13 00:03:52,631
2021-02-18 19:08:42,834
2020-04-15 07:47:52,133
2021-02-08 14:38:52,819
2020-12-12 11:15:10,123
2020-08-01 00:59:23,759
2021-01-05 15:18:37,487
2020-07-09 14:06:24,267
2020-08-08 14:50:18,683
2021-07-01 02:03:31,94
2020-04-19 12:17:35,689
2020-08-05 07:33:25,993
2020-04-03 23:04:53,401
2021-03-20 22:47:32,635
2020-07-08 06:49:30,409
2021-09-28 11:50:28,509
2020-12-07 02:58:29,435
2020-01-04 21:02:35,258
2021-03-25 14:12:42,248
2021-05-16 11:00:55,182
2021-10-24 08:35:46,484
2021-10-03 05:59:15,206
2021-04-18 18:03:02,42
2020-02-26 12:32:01,147
2020-07-12 03:36:16,887
2021-08-27 05:31:36,618
2021-05-27 22:02:55,515
2021-01-31 11:48:32,375
2021-08-15 07:11:48,575
2020-05-21 11:30:07,104
2020-09-13 17:22:45,885
2021-05-02 02:50:45,92
2020-07-10 18:10:49,107
2020-11-11 23:44:17,80
2021-07-09 19:22:12,970
2020-11-24 11:32:06,330
2021-06-28 11:17:16,183
2021-08-17 01:16:50,576
2020-03-01 21:04:03,567
2021-07-11 04:07:51,850
2020-10-28 07:34:45,760
2021-06-11 08:03:23,464
2020-10-08 03:23:46,853
2021-05-05 05:14:49,141
2021-01-21 14:48:05,175
2020-08-10 07:16:55,125
2021-02-21 12:13:33,506
2020-05-06 22:59:02,806
2020-10-24 11:40:37,841
2021-09-12 05:50:33,640
2020-04-22 07:12:22,23
2021-07-05 08:53:48,880
2021-09-18 13:25:06,359
2021-10-12 05:43:20,468
2021-10-11 03:21:53,855
2020-08-14 03:27:37,433
2020-07-20 15:42:31,507
2020-05-26 15:07:54,609
2020-10-04 02:55:00,511
2020-12-09 10:47:57,529
2021-03-12 01:03:52,462
2020-01-30 13:21:02,718
2020-06-07 08:41:31,636
2020-10-23 20:19:35,326
2020-01-04 01:13:34,871
2020-03-07 18:52:15,384
2020-02-06 17:15:27,355
2020-01-29 04:41:14,406
2020-02-15 00:58:50,910
2021-01-19 23:00:50,893
2021-03-09 12:05:03,250
2021-02-16 19:35:58,567
2021-10-19 11:08:14,13
2021-01-20 16:25:32,722
2021-06-22 10:57:30,192
2020-06-09 10:49:44,458
2020-05-03 22:01:07,430
2020-06-18 03:46:09,691
2020-03-08 00:02:21,84
2020-08-18 22:31:47,849
2020-04-11 10:04:33,604
2021-05-16 09:28:57,598
2020-07-04 08:02:48,705
2021-02-16 13:32:31,345
2020-12-20 08:37:40,407
2020-03-20 19:03:17,498
2020-02-01 04:50:12,459
2021-06-21 18:21:19,179
2021-01-22 03:13:57,375
2021-02-08 14:08:26,413
2020-03-17 08:12:54,162
2020-07-27 01:08:30,972
2020-12-29 01:47:50,365
2021-05-19 09:24:24,127
2021-05-03 19:26:00,575
2021-03-04 20:52:22,50
2021-07-16 23:19:13,232
2020-03-03 20:44:58,326
2020-07-11 09:18:25,828
2021-08-15 12:12:32,7
2021-06-15 07:38:11,726
2020-08-28 13:58:46,973
2020-10-08 19:52:27,191
2021-02-18 20:48:43,93
2020-10-27 02:13:39,105
2021-07-20 04:32:05,289
2021-08-05 13:53:14,983
2020-10-11 03:35:29,737
2021-04-05 19:52:39,814
2020-05-02 16:26:52,223
2021-06-10 01:34:02,177
2020-01-08 11:26:41,670
2020-05-22 08:24:04,888
2021-09-04 15:01:45,454
2020-12-08 02:39:53,814
2021-05-21 00:49:49,434
2021-09-25 03:43:20,318
2020-03-25 17:12:59,481
2021-10-08 15:02:49,987
2021-09-02 02:12:30,738
2020-08-11 21:03:09,843
2021-05-07 08:53:50,981
2020-07-07 19:55:09,343
2020-05-24 23:21:49,747
2021-01-17 14:41:31,42
2021-05-07 23:05:05,470
2020-09-08 09:13:58,143
2020-10-08 00:31:40,292
2021-10-11 01:19:03,487
2021-04-18 02:57:45,405
2021-03-23 06:21:50,684
2021-07-06 00:03:03,201
2020-01-19 01:04:04,710
2020-12-04 19:46:59,132
2020-08-26 02:15:54,101
2020-01-28 03:00:01,422
2020-01-20 12:34:25,896
2021-08-03 19:23:01,435
2021-03-05 11:27:47,96
2021-01-30 01:25:09,106
2020-08-01 15:02:44,984
2020-04-12 19:28:15,222
2021-07-11 09:57:07,897
2021-09-12 04:33:52,136
2020-10-24 07:46:48,510
2021-06-27 15:45:13,249
2020-02-15 10:25:12,701
2021-09-06 03:27:58,239
2020-08-19 11:35:04,307
2020-12-14 12:26:16,296
2020-03-30 00:21:59,565
2020-11-30 23:49:33,208
2021-01-23 17:24:06,470
2020-06-30 07:19:37,331
2021-06-20 01:31:00,509
2020-11-25 14:03:49,415
2020-09-28 05:58:10,413
2020-07-09 05:21:07,446
2020-08-16 18:31:01,648
2021-03-27 00:20:38,516
2020-08-27 22:37:22,212
2021-02-08 07:02:29,972
2021-07-14 15:36:25,564
2021-10-13 15:19:05,821
2020-08-04 22:18:39,460
